<?xml version="1.0" encoding="utf-8"?>
<!DOCTYPE hibernate-mapping PUBLIC "-//Hibernate/Hibernate Mapping DTD 3.0//EN"
"http://hibernate.sourceforge.net/hibernate-mapping-3.0.dtd">
<!-- 
    Mapping file autogenerated by MyEclipse Persistence Tools
-->
<hibernate-mapping>
    <class name="com.aaa.entity.BuyCar" table="buy_car" catalog="menu">
        <id name="buyCarId" type="java.lang.Integer">
            <column name="buy_car_id" />
            <generator class="native" />
        </id>
        <many-to-one name="user" class="com.aaa.entity.User" fetch="select">
            <column name="user_id" not-null="true" />
        </many-to-one>
    </class>
</hibernate-mapping>
