<?xml version="1.0" encoding="utf-8"?>
<!DOCTYPE hibernate-mapping PUBLIC "-//Hibernate/Hibernate Mapping DTD 3.0//EN"
"http://hibernate.sourceforge.net/hibernate-mapping-3.0.dtd">
<!-- 
    Mapping file autogenerated by MyEclipse Persistence Tools
-->
<hibernate-mapping>
    <class name="com.aaa.entity.Comment" table="comment" catalog="menu">
        <id name="commentId" type="java.lang.Integer">
            <column name="comment_id" />
            <generator class="native" />
        </id>
        <many-to-one name="user" class="com.aaa.entity.User" fetch="select">
            <column name="user_id" not-null="true" />
        </many-to-one>
        <many-to-one name="outOrder" class="com.aaa.entity.OutOrder" fetch="select">
            <column name="out_order_id" not-null="true" />
        </many-to-one>
        <property name="evaluate" type="java.lang.String">
            <column name="evaluate" not-null="true" />
        </property>
    </class>
</hibernate-mapping>
