<?xml version="1.0" encoding="utf-8"?>
<!DOCTYPE hibernate-mapping PUBLIC "-//Hibernate/Hibernate Mapping DTD 3.0//EN"
"http://hibernate.sourceforge.net/hibernate-mapping-3.0.dtd">
<!-- 
    Mapping file autogenerated by MyEclipse Persistence Tools
-->
<hibernate-mapping>
    <class name="com.aaa.entity.Country" table="country" catalog="menu">
        <id name="countryId" type="java.lang.Integer">
            <column name="country_id" />
            <generator class="native" />
        </id>
        <property name="countryName" type="java.lang.String">
            <column name="country_name" not-null="true" />
        </property>
    </class>
</hibernate-mapping>
