<?xml version="1.0" encoding="utf-8"?>
<!DOCTYPE hibernate-mapping PUBLIC "-//Hibernate/Hibernate Mapping DTD 3.0//EN"
"http://hibernate.sourceforge.net/hibernate-mapping-3.0.dtd">
<!-- 
    Mapping file autogenerated by MyEclipse Persistence Tools
-->
<hibernate-mapping>
    <class name="com.aaa.entity.Delivery" table="delivery" catalog="menu">
        <id name="deliveryId" type="java.lang.Integer">
            <column name="delivery_id" />
            <generator class="native" />
        </id>
        <property name="deliveryName" type="java.lang.String">
            <column name="delivery_name" not-null="true" />
        </property>
        <property name="deliveryPhone" type="java.lang.String">
            <column name="delivery_phone" not-null="true" />
        </property>
        <set name="outOrders" inverse="true">
            <key>
                <column name="delivery_id" not-null="true" />
            </key>
            <one-to-many class="com.aaa.entity.OutOrder" />
        </set>
    </class>
</hibernate-mapping>
