<?xml version="1.0" encoding="utf-8"?>
<!DOCTYPE hibernate-mapping PUBLIC "-//Hibernate/Hibernate Mapping DTD 3.0//EN"
"http://hibernate.sourceforge.net/hibernate-mapping-3.0.dtd">
<!-- 
    Mapping file autogenerated by MyEclipse Persistence Tools
-->
<hibernate-mapping>
    <class name="com.aaa.entity.Department" table="department" catalog="menu">
        <id name="departmentId" type="java.lang.Integer">
            <column name="department_id" />
            <generator class="native" />
        </id>
        <property name="departmentName" type="java.lang.String">
            <column name="department_name" not-null="true" />
        </property>
        <set name="depts" inverse="true">
            <key>
                <column name="department_id" not-null="true" />
            </key>
            <one-to-many class="com.aaa.entity.Dept" />
        </set>
    </class>
</hibernate-mapping>
