<?xml version="1.0" encoding="utf-8"?>
<!DOCTYPE hibernate-mapping PUBLIC "-//Hibernate/Hibernate Mapping DTD 3.0//EN"
"http://hibernate.sourceforge.net/hibernate-mapping-3.0.dtd">
<!-- 
    Mapping file autogenerated by MyEclipse Persistence Tools
-->
<hibernate-mapping>
    <class name="com.aaa.entity.Dept" table="dept" catalog="menu">
        <id name="deptId" type="java.lang.Integer">
            <column name="dept_id" />
            <generator class="native" />
        </id>
        <many-to-one name="department" class="com.aaa.entity.Department" fetch="select">
            <column name="department_id" not-null="true" />
        </many-to-one>
        <property name="deptName" type="java.lang.String">
            <column name="dept_name" not-null="true" />
        </property>
        <set name="levelDepts" inverse="true">
            <key>
                <column name="dept_id" not-null="true" />
            </key>
            <one-to-many class="com.aaa.entity.LevelDept" />
        </set>
        <set name="staffDepts" inverse="true">
            <key>
                <column name="dept_id" not-null="true" />
            </key>
            <one-to-many class="com.aaa.entity.StaffDept" />
        </set>
    </class>
</hibernate-mapping>
