<?xml version="1.0" encoding="utf-8"?>
<!DOCTYPE hibernate-mapping PUBLIC "-//Hibernate/Hibernate Mapping DTD 3.0//EN"
"http://hibernate.sourceforge.net/hibernate-mapping-3.0.dtd">
<!-- 
    Mapping file autogenerated by MyEclipse Persistence Tools
-->
<hibernate-mapping>
    <class name="com.aaa.entity.Level" table="level" catalog="menu">
        <id name="levelId" type="java.lang.Integer">
            <column name="level_id" />
            <generator class="native" />
        </id>
        <property name="levelName" type="java.lang.String">
            <column name="level_name" not-null="true" />
        </property>
        <property name="levelUrl" type="java.lang.String">
            <column name="level_url" not-null="true" />
        </property>
        <property name="levelPoint" type="java.lang.String">
            <column name="level_point" not-null="true" />
        </property>
        <set name="levelDepts" inverse="true">
            <key>
                <column name="level_id" not-null="true" />
            </key>
            <one-to-many class="com.aaa.entity.LevelDept" />
        </set>
    </class>
</hibernate-mapping>
