<?xml version="1.0" encoding="utf-8"?>
<!DOCTYPE hibernate-mapping PUBLIC "-//Hibernate/Hibernate Mapping DTD 3.0//EN"
"http://hibernate.sourceforge.net/hibernate-mapping-3.0.dtd">
<!-- 
    Mapping file autogenerated by MyEclipse Persistence Tools
-->
<hibernate-mapping>
    <class name="com.aaa.entity.LevelDept" table="level_dept" catalog="menu">
        <composite-id name="id" class="com.aaa.entity.LevelDeptId">
            <key-many-to-one name="dept" class="com.aaa.entity.Dept">
                <column name="dept_id" />
            </key-many-to-one>
            <key-many-to-one name="level" class="com.aaa.entity.Level">
                <column name="level_id" />
            </key-many-to-one>
        </composite-id>
        <many-to-one name="level" class="com.aaa.entity.Level" update="false" insert="false" fetch="select">
            <column name="level_id" not-null="true" />
        </many-to-one>
        <many-to-one name="dept" class="com.aaa.entity.Dept" update="false" insert="false" fetch="select">
            <column name="dept_id" not-null="true" />
        </many-to-one>
    </class>
</hibernate-mapping>
