<?xml version="1.0" encoding="utf-8"?>
<!DOCTYPE hibernate-mapping PUBLIC "-//Hibernate/Hibernate Mapping DTD 3.0//EN"
"http://hibernate.sourceforge.net/hibernate-mapping-3.0.dtd">
<!-- 
    Mapping file autogenerated by MyEclipse Persistence Tools
-->
<hibernate-mapping>
    <class name="com.aaa.entity.Menu" table="menu" catalog="menu">
        <id name="menuId" type="java.lang.Integer">
            <column name="menu_id" />
            <generator class="native" />
        </id>
        <many-to-one name="type" class="com.aaa.entity.Type" fetch="select">
            <column name="type_id" not-null="true" />
        </many-to-one>
        <property name="menuName" type="java.lang.String">
            <column name="menu_name" not-null="true" />
        </property>
        <property name="menuPrice" type="java.lang.String">
            <column name="menu_price" not-null="true" />
        </property>
        <set name="buyCarMenus" inverse="true">
            <key>
                <column name="menu_id" not-null="true" />
            </key>
            <one-to-many class="com.aaa.entity.BuyCarMenu" />
        </set>
        <set name="roomOrders" inverse="true">
            <key>
                <column name="menu_id" not-null="true" />
            </key>
            <one-to-many class="com.aaa.entity.RoomOrder" />
        </set>
        <set name="orderMenus" inverse="true">
            <key>
                <column name="menu_id" not-null="true" />
            </key>
            <one-to-many class="com.aaa.entity.OrderMenu" />
        </set>
    </class>
</hibernate-mapping>
