<?xml version="1.0" encoding="utf-8"?>
<!DOCTYPE hibernate-mapping PUBLIC "-//Hibernate/Hibernate Mapping DTD 3.0//EN"
"http://hibernate.sourceforge.net/hibernate-mapping-3.0.dtd">
<!-- 
    Mapping file autogenerated by MyEclipse Persistence Tools
-->
<hibernate-mapping>
    <class name="com.aaa.entity.Offbill" table="offbill" catalog="menu">
        <id name="offId" type="java.lang.Integer">
            <column name="off_id" />
            <generator class="native" />
        </id>
        <property name="offPrice" type="java.lang.String">
            <column name="off_price" not-null="true" />
        </property>
        <property name="offSeason" type="java.lang.String">
            <column name="off_season" not-null="true" />
        </property>
        <property name="offDate" type="java.util.Date">
            <column name="off_date" length="10" not-null="true" />
        </property>
    </class>
</hibernate-mapping>
