<?xml version="1.0" encoding="utf-8"?>
<!DOCTYPE hibernate-mapping PUBLIC "-//Hibernate/Hibernate Mapping DTD 3.0//EN"
"http://hibernate.sourceforge.net/hibernate-mapping-3.0.dtd">
<!-- 
    Mapping file autogenerated by MyEclipse Persistence Tools
-->
<hibernate-mapping>
    <class name="com.aaa.entity.Onbill" table="onbill" catalog="menu">
        <id name="onId" type="java.lang.Integer">
            <column name="on_id" />
            <generator class="native" />
        </id>
        <property name="onPrice" type="java.lang.String">
            <column name="on_price" not-null="true" />
        </property>
        <property name="onSeason" type="java.lang.String">
            <column name="on_season" not-null="true" />
        </property>
        <property name="onDate" type="java.util.Date">
            <column name="on_date" length="10" not-null="true" />
        </property>
    </class>
</hibernate-mapping>
