<?xml version="1.0" encoding="utf-8"?>
<!DOCTYPE hibernate-mapping PUBLIC "-//Hibernate/Hibernate Mapping DTD 3.0//EN"
"http://hibernate.sourceforge.net/hibernate-mapping-3.0.dtd">
<!-- 
    Mapping file autogenerated by MyEclipse Persistence Tools
-->
<hibernate-mapping>
    <class name="com.aaa.entity.OrderMenu" table="order_menu" catalog="menu">
        <composite-id name="id" class="com.aaa.entity.OrderMenuId">
            <key-many-to-one name="menu" class="com.aaa.entity.Menu">
                <column name="menu_id" />
            </key-many-to-one>
            <key-many-to-one name="outOrder" class="com.aaa.entity.OutOrder">
                <column name="out_order_id" />
            </key-many-to-one>
        </composite-id>
        <many-to-one name="outOrder" class="com.aaa.entity.OutOrder" update="false" insert="false" fetch="select">
            <column name="out_order_id" not-null="true" />
        </many-to-one>
        <many-to-one name="menu" class="com.aaa.entity.Menu" update="false" insert="false" fetch="select">
            <column name="menu_id" not-null="true" />
        </many-to-one>
    </class>
</hibernate-mapping>
