<?xml version="1.0" encoding="utf-8"?>
<!DOCTYPE hibernate-mapping PUBLIC "-//Hibernate/Hibernate Mapping DTD 3.0//EN"
"http://hibernate.sourceforge.net/hibernate-mapping-3.0.dtd">
<!-- 
    Mapping file autogenerated by MyEclipse Persistence Tools
-->
<hibernate-mapping>
    <class name="com.aaa.entity.OutOrder" table="out_order" catalog="menu">
        <id name="outOrderId" type="java.lang.Integer">
            <column name="out_order_id" />
            <generator class="native" />
        </id>
        <many-to-one name="delivery" class="com.aaa.entity.Delivery" fetch="select">
            <column name="delivery_id" not-null="true" />
        </many-to-one>
        <many-to-one name="user" class="com.aaa.entity.User" fetch="select">
            <column name="user_id" not-null="true" />
        </many-to-one>
        <property name="outOuderNum" type="java.lang.Integer">
            <column name="out_ouder_num" not-null="true" />
        </property>
        <property name="outCreateDate" type="java.util.Date">
            <column name="out_create_date" length="10" not-null="true" />
        </property>
        <property name="outUserMessage" type="java.lang.String">
            <column name="out_user_message" />
        </property>
        <property name="outOrderType" type="java.lang.Integer">
            <column name="out_order_type" not-null="true" />
        </property>
        <set name="orderMenus" inverse="true">
            <key>
                <column name="out_order_id" not-null="true" />
            </key>
            <one-to-many class="com.aaa.entity.OrderMenu" />
        </set>
        <set name="buyCarMenus" inverse="true">
            <key>
                <column name="out_order_id" not-null="true" />
            </key>
            <one-to-many class="com.aaa.entity.BuyCarMenu" />
        </set>
        <set name="comments" inverse="true">
            <key>
                <column name="out_order_id" not-null="true" />
            </key>
            <one-to-many class="com.aaa.entity.Comment" />
        </set>
    </class>
</hibernate-mapping>
