<?xml version="1.0" encoding="utf-8"?>
<!DOCTYPE hibernate-mapping PUBLIC "-//Hibernate/Hibernate Mapping DTD 3.0//EN"
"http://hibernate.sourceforge.net/hibernate-mapping-3.0.dtd">
<!-- 
    Mapping file autogenerated by MyEclipse Persistence Tools
-->
<hibernate-mapping>
    <class name="com.aaa.entity.PointConversion" table="point_conversion" catalog="menu">
        <id name="pcId" type="java.lang.Integer">
            <column name="pc_id" />
            <generator class="native" />
        </id>
        <property name="pcName" type="java.lang.String">
            <column name="pc_name" not-null="true" />
        </property>
        <property name="pcNeedPoint" type="java.lang.Integer">
            <column name="pc_need_point" not-null="true" />
        </property>
        <property name="pcNum" type="java.lang.Integer">
            <column name="pc_num" not-null="true" />
        </property>
    </class>
</hibernate-mapping>
