<?xml version="1.0" encoding="utf-8"?>
<!DOCTYPE hibernate-mapping PUBLIC "-//Hibernate/Hibernate Mapping DTD 3.0//EN"
"http://hibernate.sourceforge.net/hibernate-mapping-3.0.dtd">
<!-- 
    Mapping file autogenerated by MyEclipse Persistence Tools
-->
<hibernate-mapping>
    <class name="com.aaa.entity.Point" table="point" catalog="menu">
        <id name="pointId" type="java.lang.Integer">
            <column name="point_id" />
            <generator class="native" />
        </id>
        <property name="pointNum" type="java.lang.Integer">
            <column name="point_num" not-null="true" />
        </property>
    </class>
</hibernate-mapping>
