<?xml version="1.0" encoding="utf-8"?>
<!DOCTYPE hibernate-mapping PUBLIC "-//Hibernate/Hibernate Mapping DTD 3.0//EN"
"http://hibernate.sourceforge.net/hibernate-mapping-3.0.dtd">
<!-- 
    Mapping file autogenerated by MyEclipse Persistence Tools
-->
<hibernate-mapping>
    <class name="com.aaa.entity.PurchaseDetail" table="purchase_detail" catalog="menu">
        <id name="pdId" type="java.lang.Integer">
            <column name="pd_id" />
            <generator class="native" />
        </id>
        <property name="pdName" type="java.lang.String">
            <column name="pd_name" not-null="true" />
        </property>
        <property name="pdNum" type="java.lang.Integer">
            <column name="pd_num" not-null="true" />
        </property>
        <property name="pdPrice" type="java.lang.String">
            <column name="pd_price" not-null="true" />
        </property>
        <property name="pdTotal" type="java.lang.String">
            <column name="pd_total" not-null="true" />
        </property>
        <property name="pdState" type="java.lang.Integer">
            <column name="pd_state" not-null="true" />
        </property>
        <set name="purchases" inverse="true">
            <key>
                <column name="pd_id" not-null="true" />
            </key>
            <one-to-many class="com.aaa.entity.Purchase" />
        </set>
    </class>
</hibernate-mapping>
