<?xml version="1.0" encoding="utf-8"?>
<!DOCTYPE hibernate-mapping PUBLIC "-//Hibernate/Hibernate Mapping DTD 3.0//EN"
"http://hibernate.sourceforge.net/hibernate-mapping-3.0.dtd">
<!-- 
    Mapping file autogenerated by MyEclipse Persistence Tools
-->
<hibernate-mapping>
    <class name="com.aaa.entity.Purchase" table="purchase" catalog="menu">
        <id name="purchaseId" type="java.lang.Integer">
            <column name="purchase_id" />
            <generator class="native" />
        </id>
        <many-to-one name="purchaseDetail" class="com.aaa.entity.PurchaseDetail" fetch="select">
            <column name="pd_id" not-null="true" />
        </many-to-one>
        <many-to-one name="supplier" class="com.aaa.entity.Supplier" fetch="select">
            <column name="supplier_id" not-null="true" />
        </many-to-one>
        <set name="warehouses" inverse="true">
            <key>
                <column name="purchase_id" not-null="true" />
            </key>
            <one-to-many class="com.aaa.entity.Warehouse" />
        </set>
    </class>
</hibernate-mapping>
