<?xml version="1.0" encoding="utf-8"?>
<!DOCTYPE hibernate-mapping PUBLIC "-//Hibernate/Hibernate Mapping DTD 3.0//EN"
"http://hibernate.sourceforge.net/hibernate-mapping-3.0.dtd">
<!-- 
    Mapping file autogenerated by MyEclipse Persistence Tools
-->
<hibernate-mapping>
    <class name="com.aaa.entity.Repertory" table="repertory" catalog="menu">
        <id name="rpId" type="java.lang.Integer">
            <column name="rp_id" />
            <generator class="native" />
        </id>
        <property name="rpName" type="java.lang.String">
            <column name="rp_name" not-null="true" />
        </property>
        <property name="rpNum" type="java.lang.Integer">
            <column name="rp_num" not-null="true" />
        </property>
    </class>
</hibernate-mapping>
