<?xml version="1.0" encoding="utf-8"?>
<!DOCTYPE hibernate-mapping PUBLIC "-//Hibernate/Hibernate Mapping DTD 3.0//EN"
"http://hibernate.sourceforge.net/hibernate-mapping-3.0.dtd">
<!-- 
    Mapping file autogenerated by MyEclipse Persistence Tools
-->
<hibernate-mapping>
    <class name="com.aaa.entity.RoomOrder" table="room_order" catalog="menu">
        <id name="orderId" type="java.lang.Integer">
            <column name="order_id" />
            <generator class="native" />
        </id>
        <many-to-one name="room" class="com.aaa.entity.Room" fetch="select">
            <column name="room_id" not-null="true" />
        </many-to-one>
        <many-to-one name="user" class="com.aaa.entity.User" fetch="select">
            <column name="user_id" not-null="true" />
        </many-to-one>
        <many-to-one name="menu" class="com.aaa.entity.Menu" fetch="select">
            <column name="menu_id" not-null="true" />
        </many-to-one>
        <property name="orderNum" type="java.lang.Integer">
            <column name="order_num" not-null="true" />
        </property>
        <property name="createDate" type="java.util.Date">
            <column name="create_date" length="10" not-null="true" />
        </property>
        <property name="orderRoom" type="java.lang.Integer">
            <column name="order_room" not-null="true" />
        </property>
        <property name="orderType" type="java.lang.Integer">
            <column name="order_type" not-null="true" />
        </property>
    </class>
</hibernate-mapping>
