<?xml version="1.0" encoding="utf-8"?>
<!DOCTYPE hibernate-mapping PUBLIC "-//Hibernate/Hibernate Mapping DTD 3.0//EN"
"http://hibernate.sourceforge.net/hibernate-mapping-3.0.dtd">
<!-- 
    Mapping file autogenerated by MyEclipse Persistence Tools
-->
<hibernate-mapping>
    <class name="com.aaa.entity.Room" table="room" catalog="menu">
        <id name="roomId" type="java.lang.Integer">
            <column name="room_id" />
            <generator class="native" />
        </id>
        <property name="roomNum" type="java.lang.Integer">
            <column name="room_num" not-null="true" />
        </property>
        <property name="roomName" type="java.lang.String">
            <column name="room_name" not-null="true" />
        </property>
        <property name="roomState" type="java.lang.Integer">
            <column name="room_state" not-null="true" />
        </property>
        <set name="roomOrders" inverse="true">
            <key>
                <column name="room_id" not-null="true" />
            </key>
            <one-to-many class="com.aaa.entity.RoomOrder" />
        </set>
    </class>
</hibernate-mapping>
