<?xml version="1.0" encoding="utf-8"?>
<!DOCTYPE hibernate-mapping PUBLIC "-//Hibernate/Hibernate Mapping DTD 3.0//EN"
"http://hibernate.sourceforge.net/hibernate-mapping-3.0.dtd">
<!-- 
    Mapping file autogenerated by MyEclipse Persistence Tools
-->
<hibernate-mapping>
    <class name="com.aaa.entity.Staff" table="staff" catalog="menu">
        <id name="staffId" type="java.lang.Integer">
            <column name="staff_id" />
            <generator class="native" />
        </id>
        <many-to-one name="staffDetail" class="com.aaa.entity.StaffDetail" fetch="select">
            <column name="staff_detail_id" not-null="true" />
        </many-to-one>
        <property name="staffUserName" type="java.lang.String">
            <column name="staff_user_name" not-null="true" />
        </property>
        <property name="staffUserPwd" type="java.lang.String">
            <column name="staff_user_pwd" not-null="true" />
        </property>
    </class>
</hibernate-mapping>
