<?xml version="1.0" encoding="utf-8"?>
<!DOCTYPE hibernate-mapping PUBLIC "-//Hibernate/Hibernate Mapping DTD 3.0//EN"
"http://hibernate.sourceforge.net/hibernate-mapping-3.0.dtd">
<!-- 
    Mapping file autogenerated by MyEclipse Persistence Tools
-->
<hibernate-mapping>
    <class name="com.aaa.entity.StaffDetail" table="staff_detail" catalog="menu">
        <id name="staffDetailId" type="java.lang.Integer">
            <column name="staff_detail_id" />
            <generator class="native" />
        </id>
        <property name="staffName" type="java.lang.String">
            <column name="staff_name" not-null="true" />
        </property>
        <property name="staffAge" type="java.lang.Integer">
            <column name="staff_age" not-null="true" />
        </property>
        <property name="staffPhone" type="java.lang.String">
            <column name="staff_phone" not-null="true" />
        </property>
        <property name="staffAddress" type="java.lang.String">
            <column name="staff_address" />
        </property>
        <property name="staffPay" type="java.lang.String">
            <column name="staff_pay" not-null="true" />
        </property>
        <set name="staffs" inverse="true">
            <key>
                <column name="staff_detail_id" not-null="true" />
            </key>
            <one-to-many class="com.aaa.entity.Staff" />
        </set>
        <set name="staffDepts" inverse="true">
            <key>
                <column name="staff_detail_id" not-null="true" />
            </key>
            <one-to-many class="com.aaa.entity.StaffDept" />
        </set>
    </class>
</hibernate-mapping>
