<?xml version="1.0" encoding="utf-8"?>
<!DOCTYPE hibernate-mapping PUBLIC "-//Hibernate/Hibernate Mapping DTD 3.0//EN"
"http://hibernate.sourceforge.net/hibernate-mapping-3.0.dtd">
<!-- 
    Mapping file autogenerated by MyEclipse Persistence Tools
-->
<hibernate-mapping>
    <class name="com.aaa.entity.Supplier" table="supplier" catalog="menu">
        <id name="supplierId" type="java.lang.Integer">
            <column name="supplier_id" />
            <generator class="native" />
        </id>
        <property name="supplierName" type="java.lang.String">
            <column name="supplier_name" not-null="true" />
        </property>
        <property name="supplierAddress" type="java.lang.String">
            <column name="supplier_address" not-null="true" />
        </property>
        <property name="supplierPhone" type="java.lang.String">
            <column name="supplier_phone" not-null="true" />
        </property>
        <set name="purchases" inverse="true">
            <key>
                <column name="supplier_id" not-null="true" />
            </key>
            <one-to-many class="com.aaa.entity.Purchase" />
        </set>
    </class>
</hibernate-mapping>
