<?xml version="1.0" encoding="utf-8"?>
<!DOCTYPE hibernate-mapping PUBLIC "-//Hibernate/Hibernate Mapping DTD 3.0//EN"
"http://hibernate.sourceforge.net/hibernate-mapping-3.0.dtd">
<!-- 
    Mapping file autogenerated by MyEclipse Persistence Tools
-->
<hibernate-mapping>
    <class name="com.aaa.entity.Town" table="town" catalog="menu">
        <id name="townId" type="java.lang.Integer">
            <column name="town_id" />
            <generator class="native" />
        </id>
        <property name="townName" type="java.lang.String">
            <column name="town_name" not-null="true" />
        </property>
    </class>
</hibernate-mapping>
