<?xml version="1.0" encoding="utf-8"?>
<!DOCTYPE hibernate-mapping PUBLIC "-//Hibernate/Hibernate Mapping DTD 3.0//EN"
"http://hibernate.sourceforge.net/hibernate-mapping-3.0.dtd">
<!-- 
    Mapping file autogenerated by MyEclipse Persistence Tools
-->
<hibernate-mapping>
    <class name="com.aaa.entity.Turnover" table="turnover" catalog="menu">
        <id name="turnoverId" type="java.lang.Integer">
            <column name="turnover_id" />
            <generator class="native" />
        </id>
        <property name="onTotal" type="java.lang.String">
            <column name="on_total" not-null="true" />
        </property>
        <property name="offTotal" type="java.lang.String">
            <column name="off_total" not-null="true" />
        </property>
        <property name="overTotal" type="java.lang.String">
            <column name="over_total" not-null="true" />
        </property>
    </class>
</hibernate-mapping>
