<?xml version="1.0" encoding="utf-8"?>
<!DOCTYPE hibernate-mapping PUBLIC "-//Hibernate/Hibernate Mapping DTD 3.0//EN"
"http://hibernate.sourceforge.net/hibernate-mapping-3.0.dtd">
<!-- 
    Mapping file autogenerated by MyEclipse Persistence Tools
-->
<hibernate-mapping>
    <class name="com.aaa.entity.Type" table="type" catalog="menu">
        <id name="typeId" type="java.lang.Integer">
            <column name="type_id" />
            <generator class="native" />
        </id>
        <property name="typeName" type="java.lang.String">
            <column name="type_name" not-null="true" />
        </property>
        <set name="menus" inverse="true">
            <key>
                <column name="type_id" not-null="true" />
            </key>
            <one-to-many class="com.aaa.entity.Menu" />
        </set>
    </class>
</hibernate-mapping>
