<?xml version="1.0" encoding="utf-8"?>
<!DOCTYPE hibernate-mapping PUBLIC "-//Hibernate/Hibernate Mapping DTD 3.0//EN"
"http://hibernate.sourceforge.net/hibernate-mapping-3.0.dtd">
<!-- 
    Mapping file autogenerated by MyEclipse Persistence Tools
-->
<hibernate-mapping>
    <class name="com.aaa.entity.User" table="user" catalog="menu">
        <id name="userId" type="java.lang.Integer">
            <column name="user_id" />
            <generator class="native" />
        </id>
        <property name="userName" type="java.lang.String">
            <column name="user_name" not-null="true" />
        </property>
        <property name="userPwd" type="java.lang.String">
            <column name="user_pwd" not-null="true" />
        </property>
        <property name="userAddress" type="java.lang.String">
            <column name="user_address" not-null="true" />
        </property>
        <property name="userPhone" type="java.lang.String">
            <column name="user_phone" not-null="true" />
        </property>
        <set name="comments" inverse="true">
            <key>
                <column name="user_id" not-null="true" />
            </key>
            <one-to-many class="com.aaa.entity.Comment" />
        </set>
        <set name="roomOrders" inverse="true">
            <key>
                <column name="user_id" not-null="true" />
            </key>
            <one-to-many class="com.aaa.entity.RoomOrder" />
        </set>
        <set name="buyCars" inverse="true">
            <key>
                <column name="user_id" not-null="true" />
            </key>
            <one-to-many class="com.aaa.entity.BuyCar" />
        </set>
        <set name="outOrders" inverse="true">
            <key>
                <column name="user_id" not-null="true" />
            </key>
            <one-to-many class="com.aaa.entity.OutOrder" />
        </set>
    </class>
</hibernate-mapping>
