<?xml version="1.0" encoding="utf-8"?>
<!DOCTYPE hibernate-mapping PUBLIC "-//Hibernate/Hibernate Mapping DTD 3.0//EN"
"http://hibernate.sourceforge.net/hibernate-mapping-3.0.dtd">
<!-- 
    Mapping file autogenerated by MyEclipse Persistence Tools
-->
<hibernate-mapping>
    <class name="com.aaa.entity.Warehouse" table="warehouse" catalog="menu">
        <id name="wsId" type="java.lang.Integer">
            <column name="ws_id" />
            <generator class="native" />
        </id>
        <many-to-one name="purchase" class="com.aaa.entity.Purchase" fetch="select">
            <column name="purchase_id" not-null="true" />
        </many-to-one>
    </class>
</hibernate-mapping>
