<?xml version="1.0" encoding="UTF-8"?>
<beans
	xmlns="http://www.springframework.org/schema/beans"
	xmlns:xsi="http://www.w3.org/2001/XMLSchema-instance"
	xmlns:p="http://www.springframework.org/schema/p"
		xmlns:context="http://www.springframework.org/schema/context"
		xmlns:tx="http://www.springframework.org/schema/tx"
	xsi:schemaLocation="
	http://www.springframework.org/schema/beans
	 http://www.springframework.org/schema/beans/spring-beans-3.0.xsd
	 http://www.springframework.org/schema/context
	 http://www.springframework.org/schema/context/spring-context-3.0.xsd
	  http://www.springframework.org/schema/tx
	 http://www.springframework.org/schema/tx/spring-tx-3.0.xsd
	 ">
<context:component-scan base-package="com.aaa"></context:component-scan>

	<bean id="dataSource"
		class="org.apache.commons.dbcp.BasicDataSource">
		<property name="driverClassName"
			value="com.mysql.jdbc.Driver">
		</property>
		<property name="url"
			value="jdbc:mysql://localhost:3306/menu">
		</property>
		<property name="username" value="root"></property>
		<property name="password" value="root"></property>
	</bean>
	<bean id="sessionFactory"
		class="org.springframework.orm.hibernate3.LocalSessionFactoryBean">
		<property name="dataSource">
			<ref bean="dataSource" />
		</property>
		<property name="hibernateProperties">
			<props>
				<prop key="hibernate.dialect">
					org.hibernate.dialect.MySQLDialect
				</prop>
			</props>
		</property>
		<property name="mappingResources">
			<list>
			<value>com/aaa/entity/Warehouse.hbm.xml</value>
				<value>com/aaa/entity/Onbill.hbm.xml</value>
				<value>com/aaa/entity/Point.hbm.xml</value>
				<value>com/aaa/entity/PurchaseDetail.hbm.xml</value>
				<value>com/aaa/entity/Room.hbm.xml</value>
				<value>com/aaa/entity/Supplier.hbm.xml</value>
				<value>com/aaa/entity/BuyCar.hbm.xml</value>
				<value>com/aaa/entity/PointConversion.hbm.xml</value>
				<value>com/aaa/entity/Delivery.hbm.xml</value>
				<value>com/aaa/entity/Town.hbm.xml</value>
				<value>com/aaa/entity/OrderMenu.hbm.xml</value>
				<value>com/aaa/entity/Repertory.hbm.xml</value>
				<value>com/aaa/entity/LevelDept.hbm.xml</value>
				<value>com/aaa/entity/Menu.hbm.xml</value>
				<value>com/aaa/entity/Offbill.hbm.xml</value>
				<value>com/aaa/entity/Country.hbm.xml</value>
				<value>com/aaa/entity/RoomOrder.hbm.xml</value>
				<value>com/aaa/entity/Staff.hbm.xml</value>
				<value>com/aaa/entity/StaffDept.hbm.xml</value>
				<value>com/aaa/entity/Turnover.hbm.xml</value>
				<value>com/aaa/entity/OutOrder.hbm.xml</value>
				<value>com/aaa/entity/User.hbm.xml</value>
				<value>com/aaa/entity/Level.hbm.xml</value>
				<value>com/aaa/entity/Department.hbm.xml</value>
				<value>com/aaa/entity/BuyCarMenu.hbm.xml</value>
				<value>com/aaa/entity/Purchase.hbm.xml</value>
				<value>com/aaa/entity/StaffDetail.hbm.xml</value>
				<value>com/aaa/entity/Type.hbm.xml</value>
				<value>com/aaa/entity/Comment.hbm.xml</value>
				<value>com/aaa/entity/Dept.hbm.xml</value>
			</list>
		</property>
		
		
		</bean>
			<bean id="hibernateTemplate" class="org.springframework.orm.hibernate3.HibernateTemplate">
	   <!-- 依赖项 -->
	   <property name="sessionFactory" ref="sessionFactory"></property>
	</bean>
	<!-- 事务注解 -->
<tx:annotation-driven/>
<!-- 配置事务管理器 -->
<bean id="transactionManager" class="org.springframework.orm.hibernate3.HibernateTransactionManager">
	<property name="sessionFactory" ref="sessionFactory"></property>
</bean>
	
	</beans>
	
	
	
	
	
	
	
	
	
	